Data,horario,Nome,Endereco,Link
05/09/2026,14:00,Grupo Baraká,"CÉU Jaçanã",https://xdevilsonx.github.io/sbmc/imagens/050926_batizado_baraka.jpeg
06/09/2026,10:00,Ginda da Mata,"Av. Natan Chaves, Centro, Tapiraí - SP",https://xdevilsonx.github.io/sbmc/imagens/060926_encontro_ginga_da_mata.jpeg
08/11/2026,10:00,Baobá,"",https://xdevilsonx.github.io/sbmc/imagens/081126_troca_de_corda_baoba.jpeg
13/09/2026,13:00,Oju Oluaye,"R. Pombal, 70, Jd. São Paulo, Guarulhos - SP",https://xdevilsonx.github.io/sbmc/imagens/130926_batizado_oju_oluaye.jpeg
19/09/2026,17:00,Pescadores,"Grêmio Esportivo Atibaiense",https://xdevilsonx.github.io/sbmc/imagens/190926_pescadores.jpeg
19/09/2026,19:00,Aruande,"R. Engenheiro Marsilac, 8592, Embura Parelheiros, São Paulo - SP",https://xdevilsonx.github.io/sbmc/imagens/190926_Aruande.jpeg
20/09/2026,09:00,Aruande,"R. Alberto Adamo, 482-A, Parelheiros, São Paulo - SP",https://xdevilsonx.github.io/sbmc/imagens/190926_Aruande.jpeg
25/09/2026,20:00,Arte Negra,"R. Anastácio, 34, Conj. Res. Paes de Barros, Guarulhos - SP",https://xdevilsonx.github.io/sbmc/imagens/250926_formatura_arte_negra.png
26/09/2026,10:00,Arte Negra,"R. Pte. Branca, 63, Conj. Res. Paes de Barros, Guarulhos - SP",https://xdevilsonx.github.io/sbmc/imagens/250926_formatura_arte_negra.png
19/09/2026,13:00,São Bento Me Chama,"R. Dr. José Augusto de Souza e Silva, S/N, Jd. Parque Morumbi, São Paulo - SP",https://xdevilsonx.github.io/sbmc/imagens/190926_roda_sbmc_ceu_paraisopolis.jpeg
17/10/2026,14:00,Guerreiros de Zumbi,"CÉU Jambeiro, Guaianases - SP",https://xdevilsonx.github.io/sbmc/imagens/171026_batizado_guerreiros_de_zumbi.jpeg
05/09/2026,,Ansia de Liberdade,"Tiros - MG",https://xdevilsonx.github.io/sbmc/imagens/03_a_060926_ansia_de_liberdade.jpeg
06/09/2026,,Ansia de Liberdade,"Tiros - MG",https://xdevilsonx.github.io/sbmc/imagens/03_a_060926_ansia_de_liberdade.jpeg
03/09/2026,19:00,RAKING,"R. do Esporte, 219, Jd. Guaracy, Guarulhos - SP",https://xdevilsonx.github.io/sbmc/imagens/030926_raking.jpeg
20/09/2026,10:00,Raizes da Arte Negra,"Praça Estrela, Cidade Soberana, Guarulhos - SP",https://xdevilsonx.github.io/sbmc/imagens/200926_raizes_arte_negra.jpeg
24/01/2027,10:00,Tocaia,"CÉU Jambeiro, Guaianases - SP",https://xdevilsonx.github.io/sbmc/imagens/240127_tocaia.jpeg
26/09/2026,10:00,Brincante,"R. Marques de Santo Amaro, 49, Vila Alpina, São Paulo - SP",https://xdevilsonx.github.io/sbmc/imagens/260926_brincante.jpeg
27/09/2026,,Me Leva Me Trás,"Campo Limpo - SP",https://xdevilsonx.github.io/sbmc/imagens/270926_meleva.jpeg
10/10/2026,09:00,TOP,"R. Barão Barroso do Amazonas, s/n - Conj. Hab. Inácio Monteiro, São Paulo - SP",https://xdevilsonx.github.io/sbmc/imagens/101026_top.jpeg
18/10/2026,10:00,Tradição Baiana,"R. São Tomás de Aquino, 61 - Jardim Divinolandia, Guarulhos - SP",https://xdevilsonx.github.io/sbmc/imagens/181026_tradicao_baiana.jpeg
20/12/2026,16:30,Abaré,"R. Baltazar de Sá, 295 - Chácara Santana, São Paulo - SP",https://xdevilsonx.github.io/sbmc/imagens/201226_abare.jpeg
23/09/2026,19:30,Jangada,"Av. Oliveira Freire, 1731 - Parque Paulistano, São Paulo - SP",https://xdevilsonx.github.io/sbmc/imagens/230926_Jangada.jpeg
20/09/2026,10:00,Ginga Dendê,"R. São Tomás de Aquino, 61 - Jardim Divinolandia, Guarulhos - SP",https://xdevilsonx.github.io/sbmc/imagens/200926_ginga_dende.jpg
06/10/2026,19:30,Natureza,"R. João Valentão, 149, Cezar de Souza, Mogi das Cruzes - SP",https://xdevilsonx.github.io/sbmc/imagens/061026_natureza.jpeg
31/10/2026,10:00,Semente Cultural,"R. Maria Paula Mota, Jd. Presidente Dutra, Guarulhos - SP",https://xdevilsonx.github.io/sbmc/imagens/311026_semente.jpeg
08/11/2026,10:00,Axé Magia,"Rua Pernambuco, 836, Jardim Pte. Alta I, Guarulhos - SP",https://xdevilsonx.github.io/sbmc/imagens/081126_axe_magia.jpeg
21/11/2026,,Simplesmente Capoeira,"São Bernardo do Campo - SP",https://xdevilsonx.github.io/sbmc/imagens/211126_simplesmente.jpeg
09/10/2026,19:30,Energia Ancestral,"Via de Pedestre Vicente Aleixandre, 17, Parque Guaianazes - São Paulo - SP",https://xdevilsonx.github.io/sbmc/imagens/091011_1026_energia_ancestral.jpeg
10/10/2026,15:00,Energia Ancestral,"Via de Pedestre Vicente Aleixandre, 17, Parque Guaianazes - São Paulo - SP",https://xdevilsonx.github.io/sbmc/imagens/091011_1026_energia_ancestral.jpeg
11/10/2026,,Energia Ancestral,"República, São Paulo - SP",https://xdevilsonx.github.io/sbmc/imagens/091011_1026_energia_ancestral.jpeg
03/10/2026,16:00,Arte Cavalaria,"R. Pedro Volpi, 409 - Vila Barros - Guarulhos - SP",https://xdevilsonx.github.io/sbmc/imagens/031026_arte_cavalaria.jpeg
14/11/2026,17:30,Avante Poesia,"R. Manoel García, 160 - Centro - Itaquaquecetuba - SP",https://xdevilsonx.github.io/sbmc/imagens/141126_avante_poesia.jpeg
14/11/2026,14:00,Herança do Mar,"R. Tília, 1 - Jardim Adriana, Itaquaquecetuba - SP",https://xdevilsonx.github.io/sbmc/imagens/141126_heranca_do_mar.jpeg
24/10/2026,15:00,Familia Fiel,"R. Augusto dos Anjos, 29 - Parque Piratininga, Itaquaquecetuba - SP",https://xdevilsonx.github.io/sbmc/imagens/241026_familia_fiel.jpeg
10/10/2026,17:00,Roda dos Remedios - Grupo Senzala,"R. Santa Erotildes, 483 - Remédios, Osasco - SP",https://xdevilsonx.github.io/sbmc/imagens/101026_roda_remedios_senzala.jpeg
06/12/2026,11:00,Rosa Baiana,"R. Maria Luísa Perico, 137, Jd. Acácio, Guarulhos - SP",https://xdevilsonx.github.io/sbmc/imagens/061226_rosa_baiana.jpeg
03/10/2026,15:00,Roda Fralda Familia Fiel,"Estrada Água Chata, 648, Pq. Piratininga, Itaquaquecetuba - SP",https://xdevilsonx.github.io/sbmc/imagens/031026_roda_fralda_familia_fiel.jpeg
03/10/2026,15:00,Capoeira Dende,"Calçadão - Carapicuíba - SP",https://xdevilsonx.github.io/sbmc/imagens/031026_capoeira_dende.jpeg
24/10/2026,15:00,Quilombo Batuquegê,"R. João Guimarão Rosa, 505, Veloso, Osasco - SP",https://xdevilsonx.github.io/sbmc/imagens/241026_quilombo_batuquege.jpeg
10/10/2026,13:00,Via Nova da Rainha,"R. das Rosas, 111, Parque das Flores, São Paulo - SP",https://xdevilsonx.github.io/sbmc/imagens/101026_vila_nova_da_rainha.jpeg
